<?xml version="1.0" encoding="utf-8"?>
<doctrine-mapping xmlns="http://doctrine-project.org/schemas/orm/doctrine-mapping" xmlns:xsi="http://www.w3.org/2001/XMLSchema-instance" xsi:schemaLocation="http://doctrine-project.org/schemas/orm/doctrine-mapping http://doctrine-project.org/schemas/orm/doctrine-mapping.xsd">
  <entity name="AppBundle\Entity\Bigevents" table="bigEvents">
    <id name="id" type="integer" column="id">
      <generator strategy="IDENTITY"/>
    </id>
    <field name="image" type="string" column="image" length="255" nullable="true">
      <options>
        <option name="fixed"/>
        <option name="default">NULL</option>
      </options>
    </field>
    <field name="name" type="string" column="name" length="50" nullable="true">
      <options>
        <option name="fixed"/>
        <option name="default">NULL</option>
      </options>
    </field>
    <field name="timedate" type="string" column="timeDate" length="50" nullable="true">
      <options>
        <option name="fixed"/>
        <option name="default">NULL</option>
      </options>
    </field>
    <field name="description" type="string" column="description" length="255" nullable="true">
      <options>
        <option name="fixed"/>
        <option name="default">NULL</option>
      </options>
    </field>
    <field name="capacity" type="integer" column="capacity" nullable="true">
      <options>
        <option name="unsigned"/>
        <option name="default">NULL</option>
      </options>
    </field>
    <field name="email" type="string" column="email" length="50" nullable="true">
      <options>
        <option name="fixed"/>
        <option name="default">NULL</option>
      </options>
    </field>
    <field name="number" type="string" column="number" length="50" nullable="true">
      <options>
        <option name="fixed"/>
        <option name="default">NULL</option>
      </options>
    </field>
    <field name="address" type="string" column="address" length="50" nullable="true">
      <options>
        <option name="fixed"/>
        <option name="default">NULL</option>
      </options>
    </field>
    <field name="url" type="string" column="url" length="255" nullable="true">
      <options>
        <option name="fixed"/>
        <option name="default">NULL</option>
      </options>
    </field>
    <field name="type" type="string" column="type" length="50" nullable="true">
      <options>
        <option name="fixed"/>
        <option name="default">NULL</option>
      </options>
    </field>
  </entity>
</doctrine-mapping>
